PRAGMA foreign_keys=OFF;
BEGIN TRANSACTION;
CREATE TABLE "schema_migrations" ("version" varchar NOT NULL PRIMARY KEY);
INSERT INTO "schema_migrations" VALUES('20171028130731');
INSERT INTO "schema_migrations" VALUES('20171028133847');
INSERT INTO "schema_migrations" VALUES('20171028145343');
INSERT INTO "schema_migrations" VALUES('20171030120054');
INSERT INTO "schema_migrations" VALUES('20171031064747');
INSERT INTO "schema_migrations" VALUES('20171031122316');
INSERT INTO "schema_migrations" VALUES('20171102170014');
INSERT INTO "schema_migrations" VALUES('20171103075428');
INSERT INTO "schema_migrations" VALUES('20171122103149');
INSERT INTO "schema_migrations" VALUES('20171123103617');
INSERT INTO "schema_migrations" VALUES('20171128164814');
INSERT INTO "schema_migrations" VALUES('20171128165119');
INSERT INTO "schema_migrations" VALUES('20171128170021');
INSERT INTO "schema_migrations" VALUES('20171208140937');
INSERT INTO "schema_migrations" VALUES('20171209115106');
INSERT INTO "schema_migrations" VALUES('20171209115357');
INSERT INTO "schema_migrations" VALUES('20171209121124');
INSERT INTO "schema_migrations" VALUES('20171211100346');
INSERT INTO "schema_migrations" VALUES('20171211100454');
INSERT INTO "schema_migrations" VALUES('20171211100845');
INSERT INTO "schema_migrations" VALUES('20171211175759');
CREATE TABLE "ar_internal_metadata" ("key" varchar NOT NULL PRIMARY KEY, "value" varchar, "created_at" datetime NOT NULL, "updated_at" datetime NOT NULL);
INSERT INTO "ar_internal_metadata" VALUES('environment','development','2017-10-28 13:09:38.475519','2017-10-28 13:09:38.475519');
CREATE TABLE "users" ("id" INTEGER PRIMARY KEY AUTOINCREMENT NOT NULL, "email" varchar DEFAULT '' NOT NULL, "encrypted_password" varchar DEFAULT '' NOT NULL, "reset_password_token" varchar, "reset_password_sent_at" datetime, "remember_created_at" datetime, "sign_in_count" integer DEFAULT 0 NOT NULL, "current_sign_in_at" datetime, "last_sign_in_at" datetime, "current_sign_in_ip" varchar, "last_sign_in_ip" varchar, "confirmation_token" varchar, "confirmed_at" datetime, "confirmation_sent_at" datetime, "unconfirmed_email" varchar, "created_at" datetime NOT NULL, "updated_at" datetime NOT NULL, "avatar" varchar, "name" varchar, "about" varchar);
INSERT INTO "users" VALUES(1,'sansay30.07.1992@gmail.com','$2a$11$n/UjV1JnfU2XjaLUYwoPlekqw0VE8GIOocShUibxvlfDEGBrj32MK',NULL,NULL,NULL,25,'2017-12-08 15:14:57.134288','2017-12-07 17:41:36.895661','127.0.0.1','127.0.0.1','DtV7fHzzPyjZvfY28jHY','2017-10-28 13:30:15.215502','2017-10-28 13:30:12.791599',NULL,'2017-10-28 13:30:12.791378','2017-12-08 15:14:57.136082','58fe8c1ae7146.jpg','Александр Кириенко','Скоро стану норм посоном, но это неточно!');
INSERT INTO "users" VALUES(2,'san_say1992@mail.ru','$2a$11$j1.MX81zjxc3tBIycCnlC.MevVufwd2lIihcy1WJqmc5kdFHo84Ye',NULL,NULL,NULL,7,'2017-12-07 12:31:57.825373','2017-11-30 17:32:02.210495','127.0.0.1','127.0.0.1','KcYDcXa73Y2s3nRa-dJi','2017-10-30 11:45:06.213593','2017-10-30 11:45:03.522067',NULL,'2017-10-30 11:45:03.521838','2017-12-07 12:32:14.890129','images.jpg','Василий Теркин','Рил норм посан!');
INSERT INTO "users" VALUES(3,'san_say2008@mail.ru','$2a$11$UTXaOUBpxfVJnepX6c6uU.cyqS2G2N5wV7MWrV0zr0OgWYfMWGJ5K',NULL,NULL,NULL,4,'2017-12-07 12:32:26.738445','2017-12-05 15:29:06.266302','127.0.0.1','127.0.0.1','NoVmaxyopwo1rcM-omdU','2017-12-05 12:32:40.265462','2017-12-05 12:32:24.930398',NULL,'2017-12-05 12:32:24.930123','2017-12-07 12:32:26.739441','Skulptura.jpg','Папич Величайший','Это третий аккаунт');
CREATE TABLE "posts" ("id" INTEGER PRIMARY KEY AUTOINCREMENT NOT NULL, "content" text, "attachments" varchar, "user_id" integer, "created_at" datetime NOT NULL, "updated_at" datetime NOT NULL, "post_pict" varchar, CONSTRAINT "fk_rails_5b5ddfd518"
FOREIGN KEY ("user_id")
  REFERENCES "users" ("id")
);
INSERT INTO "posts" VALUES(2,'My first post!!!','8DK-86fOW2I.jpg',1,'2017-10-29 11:53:23.958938','2017-10-31 11:09:12.241783',NULL);
INSERT INTO "posts" VALUES(10,'ща буит фота dd','4jvLf1Hq65Q.jpg',1,'2017-10-30 18:51:13.356502','2017-11-16 09:41:22.523186',NULL);
INSERT INTO "posts" VALUES(61,'This is ulluminati!!! oaoaoaoaooa!!!','mNpwLx5JB3o.jpg',1,'2017-11-14 19:11:38.365099','2017-11-17 10:26:13.285606',NULL);
INSERT INTO "posts" VALUES(73,'This is ulluminati!!! oaoaoaoaooa!!!','3bmhsYzIrq0.jpg',1,'2017-11-17 09:50:40.257886','2017-11-17 10:25:58.065258',NULL);
INSERT INTO "posts" VALUES(80,'kak dela antimag?','hqdefault.jpg',2,'2017-11-27 10:33:48.313802','2017-11-30 09:29:53.532008',NULL);
INSERT INTO "posts" VALUES(82,'Paginate_post 2','nGSjyYJvrAU.jpg',2,'2017-11-30 09:51:46.748692','2017-11-30 09:53:46.425256',NULL);
INSERT INTO "posts" VALUES(83,'nice rofl prepend','med_1484474124_image.jpg',2,'2017-11-30 09:55:51.584173','2017-11-30 09:55:51.584173',NULL);
INSERT INTO "posts" VALUES(89,'Commmennt to papppanya!!
','hqdefault.jpg',3,'2017-12-05 12:35:34.926133','2017-12-05 12:36:06.936889',NULL);
CREATE TABLE "votes" ("id" INTEGER PRIMARY KEY AUTOINCREMENT NOT NULL, "votable_type" varchar, "votable_id" integer, "voter_type" varchar, "voter_id" integer, "vote_flag" boolean, "vote_scope" varchar, "vote_weight" integer, "created_at" datetime, "updated_at" datetime);
INSERT INTO "votes" VALUES(2,'Post',2,'User',1,'f',NULL,1,'2017-10-29 12:14:32.160168','2017-11-17 10:40:34.705629');
INSERT INTO "votes" VALUES(4,'Post',2,'User',2,'t',NULL,1,'2017-10-30 11:45:46.367712','2017-11-27 10:32:15.012188');
INSERT INTO "votes" VALUES(9,'Post',10,'User',1,'t',NULL,1,'2017-10-31 11:09:25.611375','2017-11-17 14:15:37.083325');
INSERT INTO "votes" VALUES(10,'Comment',14,'User',1,'t',NULL,1,'2017-10-31 11:44:46.674004','2017-11-18 11:55:13.667229');
INSERT INTO "votes" VALUES(11,'Comment',15,'User',1,'f',NULL,1,'2017-10-31 11:45:08.768073','2017-11-18 11:55:11.995283');
INSERT INTO "votes" VALUES(13,'Comment',15,'User',2,'t',NULL,1,'2017-11-04 10:21:53.826746','2017-11-04 10:28:19.281604');
INSERT INTO "votes" VALUES(15,'Post',10,'User',2,'f',NULL,1,'2017-11-04 10:22:06.719102','2017-11-29 20:16:34.762632');
INSERT INTO "votes" VALUES(16,'Comment',23,'User',2,'t',NULL,1,'2017-11-04 10:28:11.962909','2017-12-01 16:30:11.880171');
INSERT INTO "votes" VALUES(17,'Comment',14,'User',2,'f',NULL,1,'2017-11-04 10:28:17.462777','2017-11-04 10:28:18.463570');
INSERT INTO "votes" VALUES(18,'Comment',23,'User',1,'t',NULL,1,'2017-11-06 07:48:54.004398','2017-11-10 09:36:16.199440');
INSERT INTO "votes" VALUES(21,'Post',61,'User',1,'t',NULL,1,'2017-11-16 11:24:56.389199','2017-11-18 10:49:57.353009');
INSERT INTO "votes" VALUES(22,'Post',61,'User',2,'t',NULL,1,'2017-11-16 14:14:35.437952','2017-11-27 10:32:05.500174');
INSERT INTO "votes" VALUES(24,'Post',73,'User',1,'t',NULL,1,'2017-11-17 09:50:52.521292','2017-11-17 14:15:30.138880');
INSERT INTO "votes" VALUES(26,'Comment',31,'User',1,'t',NULL,1,'2017-11-18 11:53:05.027683','2017-11-18 11:55:06.988227');
INSERT INTO "votes" VALUES(27,'Post',73,'User',2,'t',NULL,1,'2017-11-27 10:32:06.828172','2017-11-29 20:16:30.100162');
INSERT INTO "votes" VALUES(28,'Comment',47,'User',2,'t',NULL,1,'2017-11-27 10:33:20.931324','2017-11-27 10:33:20.931324');
INSERT INTO "votes" VALUES(29,'Post',80,'User',2,'t',NULL,1,'2017-11-27 10:34:02.505725','2017-11-29 20:16:27.385829');
INSERT INTO "votes" VALUES(30,'Post',82,'User',2,'t',NULL,1,'2017-11-30 09:52:31.451767','2017-11-30 09:52:31.451767');
INSERT INTO "votes" VALUES(32,'Comment',56,'User',2,'t',NULL,1,'2017-12-05 11:22:50.891229','2017-12-05 11:22:50.891229');
INSERT INTO "votes" VALUES(33,'Post',89,'User',3,'t',NULL,1,'2017-12-05 12:36:18.085510','2017-12-05 12:36:18.085510');
INSERT INTO "votes" VALUES(34,'Post',83,'User',3,'t',NULL,1,'2017-12-05 12:36:23.550416','2017-12-05 12:36:23.550416');
CREATE TABLE "comments" ("id" INTEGER PRIMARY KEY AUTOINCREMENT NOT NULL, "title" varchar(50) DEFAULT '', "comment" text, "commentable_type" varchar, "commentable_id" integer, "user_id" integer, "role" varchar DEFAULT 'comments', "created_at" datetime, "updated_at" datetime);
INSERT INTO "comments" VALUES(14,'','Iam Realy happy!!','Post',2,1,'comments','2017-10-31 11:06:16.652073','2017-10-31 11:06:16.652073');
INSERT INTO "comments" VALUES(15,'','What_are_you doing_ma?','Post',2,1,'comments','2017-10-31 11:06:38.098940','2017-10-31 11:06:38.098940');
INSERT INTO "comments" VALUES(23,'','Test comment','Post',2,2,'comments','2017-11-03 13:21:51.920111','2017-11-03 13:21:51.920111');
INSERT INTO "comments" VALUES(31,'','eee','Post',10,1,'comments','2017-11-14 12:56:31.944981','2017-11-14 12:56:31.944981');
INSERT INTO "comments" VALUES(47,'','Can i like it?','Post',73,2,'comments','2017-11-27 10:33:18.232573','2017-11-27 10:33:18.232573');
INSERT INTO "comments" VALUES(56,'','what happen?','Post',83,2,'comments','2017-12-05 11:22:36.909890','2017-12-05 11:22:36.909890');
CREATE TABLE "follows" ("id" INTEGER PRIMARY KEY AUTOINCREMENT NOT NULL, "followable_type" varchar NOT NULL, "followable_id" integer NOT NULL, "follower_type" varchar NOT NULL, "follower_id" integer NOT NULL, "blocked" boolean DEFAULT 'f' NOT NULL, "created_at" datetime NOT NULL, "updated_at" datetime NOT NULL);
INSERT INTO "follows" VALUES(101,'User',2,'User',1,'f','2017-11-30 10:00:57.972141','2017-11-30 10:00:57.972141');
INSERT INTO "follows" VALUES(102,'User',1,'User',2,'f','2017-11-30 19:29:43.932472','2017-11-30 19:29:43.932472');
INSERT INTO "follows" VALUES(103,'User',1,'User',3,'f','2017-12-05 12:34:13.222705','2017-12-05 12:34:13.222705');
INSERT INTO "follows" VALUES(104,'User',2,'User',3,'f','2017-12-05 12:34:14.815700','2017-12-05 12:34:14.815700');
CREATE TABLE "activities" ("id" INTEGER PRIMARY KEY AUTOINCREMENT NOT NULL, "trackable_type" varchar, "trackable_id" integer, "owner_type" varchar, "owner_id" integer, "key" varchar, "parameters" text, "recipient_type" varchar, "recipient_id" integer, "created_at" datetime NOT NULL, "updated_at" datetime NOT NULL);
INSERT INTO "activities" VALUES(1,'Comment',17,'User',2,'comment.create',NULL,NULL,NULL,'2017-11-03 12:46:38.319621','2017-11-03 12:46:38.319621');
INSERT INTO "activities" VALUES(2,'Comment',18,'User',2,'comment.create',NULL,NULL,NULL,'2017-11-03 12:46:57.587801','2017-11-03 12:46:57.587801');
INSERT INTO "activities" VALUES(3,'Comment',19,'User',2,'comment.create',NULL,NULL,NULL,'2017-11-03 12:47:02.707358','2017-11-03 12:47:02.707358');
INSERT INTO "activities" VALUES(4,'Comment',20,'User',2,'comment.create',NULL,NULL,NULL,'2017-11-03 12:47:28.325179','2017-11-03 12:47:28.325179');
INSERT INTO "activities" VALUES(5,'Comment',21,'User',2,'comment.create',NULL,NULL,NULL,'2017-11-03 12:48:37.451468','2017-11-03 12:48:37.451468');
INSERT INTO "activities" VALUES(6,'Comment',22,'User',2,'comment.create',NULL,NULL,NULL,'2017-11-03 12:49:12.758786','2017-11-03 12:49:12.758786');
INSERT INTO "activities" VALUES(7,'Comment',23,'User',2,'comment.create',NULL,NULL,NULL,'2017-11-03 13:21:51.951381','2017-11-03 13:21:51.951381');
INSERT INTO "activities" VALUES(8,'Comment',24,'User',2,'comment.create',NULL,NULL,NULL,'2017-11-03 14:52:46.916278','2017-11-03 14:52:46.916278');
INSERT INTO "activities" VALUES(9,'Post',12,'User',2,'post.create',NULL,NULL,NULL,'2017-11-03 14:52:57.033097','2017-11-03 14:52:57.033097');
INSERT INTO "activities" VALUES(10,'Comment',25,'User',2,'comment.create',NULL,NULL,NULL,'2017-11-03 14:53:05.831355','2017-11-03 14:53:05.831355');
INSERT INTO "activities" VALUES(11,'Follow',8,'User',2,'follow.create',NULL,NULL,NULL,'2017-11-03 15:23:52.077969','2017-11-03 15:23:52.077969');
INSERT INTO "activities" VALUES(12,'Follow',9,'User',2,'follow.create',NULL,NULL,NULL,'2017-11-03 15:24:03.025334','2017-11-03 15:24:03.025334');
INSERT INTO "activities" VALUES(13,'Follow',10,'User',2,'follow.create',NULL,NULL,NULL,'2017-11-03 18:39:04.197573','2017-11-03 18:39:04.197573');
INSERT INTO "activities" VALUES(14,'Follow',11,'User',2,'follow.create',NULL,NULL,NULL,'2017-11-03 18:39:10.138547','2017-11-03 18:39:10.138547');
INSERT INTO "activities" VALUES(15,'Follow',12,'User',2,'follow.create',NULL,NULL,NULL,'2017-11-03 18:39:26.872939','2017-11-03 18:39:26.872939');
INSERT INTO "activities" VALUES(16,'Follow',13,'User',2,'follow.create',NULL,NULL,NULL,'2017-11-03 19:42:40.032001','2017-11-03 19:42:40.032001');
INSERT INTO "activities" VALUES(17,'Comment',26,'User',2,'comment.create',NULL,NULL,NULL,'2017-11-04 10:21:29.844551','2017-11-04 10:21:29.844551');
INSERT INTO "activities" VALUES(18,'Follow',14,'User',2,'follow.create',NULL,NULL,NULL,'2017-11-04 10:22:18.572770','2017-11-04 10:22:18.572770');
INSERT INTO "activities" VALUES(19,'Follow',15,'User',2,'follow.create',NULL,NULL,NULL,'2017-11-04 10:22:20.024379','2017-11-04 10:22:20.024379');
INSERT INTO "activities" VALUES(27,'Follow',16,'User',1,'follow.create',NULL,NULL,NULL,'2017-11-04 12:09:26.710147','2017-11-04 12:09:26.710147');
INSERT INTO "activities" VALUES(31,'Follow',17,'User',1,'follow.create',NULL,NULL,NULL,'2017-11-05 16:39:24.026210','2017-11-05 16:39:24.026210');
INSERT INTO "activities" VALUES(32,'Comment',27,'User',1,'comment.create',NULL,NULL,NULL,'2017-11-05 16:40:21.682630','2017-11-05 16:40:21.682630');
INSERT INTO "activities" VALUES(38,'Post',13,'User',1,'post.create',NULL,NULL,NULL,'2017-11-07 15:58:35.669346','2017-11-07 15:58:35.669346');
INSERT INTO "activities" VALUES(39,'Post',13,'User',1,'post.like',NULL,NULL,NULL,'2017-11-07 15:58:52.883096','2017-11-07 15:58:52.883096');
INSERT INTO "activities" VALUES(44,'Comment',28,'User',1,'comment.create',NULL,NULL,NULL,'2017-11-09 17:38:09.453550','2017-11-09 17:38:09.453550');
INSERT INTO "activities" VALUES(48,'Post',14,'User',1,'post.create',NULL,NULL,NULL,'2017-11-10 12:57:51.831143','2017-11-10 12:57:51.831143');
INSERT INTO "activities" VALUES(49,'Post',15,'User',1,'post.create',NULL,NULL,NULL,'2017-11-10 13:23:16.974112','2017-11-10 13:23:16.974112');
INSERT INTO "activities" VALUES(50,'Post',16,'User',1,'post.create',NULL,NULL,NULL,'2017-11-10 13:35:30.096082','2017-11-10 13:35:30.096082');
INSERT INTO "activities" VALUES(51,'Post',17,'User',1,'post.create',NULL,NULL,NULL,'2017-11-10 13:36:00.206683','2017-11-10 13:36:00.206683');
INSERT INTO "activities" VALUES(52,'Post',18,'User',1,'post.create',NULL,NULL,NULL,'2017-11-10 13:37:46.958115','2017-11-10 13:37:46.958115');
INSERT INTO "activities" VALUES(53,'Post',19,'User',1,'post.create',NULL,NULL,NULL,'2017-11-10 13:37:47.151258','2017-11-10 13:37:47.151258');
INSERT INTO "activities" VALUES(54,'Post',20,'User',1,'post.create',NULL,NULL,NULL,'2017-11-10 13:38:37.019179','2017-11-10 13:38:37.019179');
INSERT INTO "activities" VALUES(55,'Post',21,'User',1,'post.create',NULL,NULL,NULL,'2017-11-10 13:38:37.226955','2017-11-10 13:38:37.226955');
INSERT INTO "activities" VALUES(56,'Post',22,'User',1,'post.create',NULL,NULL,NULL,'2017-11-13 07:54:34.037120','2017-11-13 07:54:34.037120');
INSERT INTO "activities" VALUES(57,'Post',23,'User',1,'post.create',NULL,NULL,NULL,'2017-11-13 08:10:13.377322','2017-11-13 08:10:13.377322');
INSERT INTO "activities" VALUES(58,'Post',24,'User',1,'post.create',NULL,NULL,NULL,'2017-11-13 08:10:13.565446','2017-11-13 08:10:13.565446');
INSERT INTO "activities" VALUES(59,'Post',25,'User',1,'post.create',NULL,NULL,NULL,'2017-11-13 08:11:57.400646','2017-11-13 08:11:57.400646');
INSERT INTO "activities" VALUES(60,'Post',26,'User',1,'post.create',NULL,NULL,NULL,'2017-11-13 08:11:57.596207','2017-11-13 08:11:57.596207');
INSERT INTO "activities" VALUES(61,'Post',27,'User',1,'post.create',NULL,NULL,NULL,'2017-11-13 09:52:32.865399','2017-11-13 09:52:32.865399');
INSERT INTO "activities" VALUES(62,'Post',28,'User',1,'post.create',NULL,NULL,NULL,'2017-11-13 09:52:33.052238','2017-11-13 09:52:33.052238');
INSERT INTO "activities" VALUES(63,'Post',29,'User',1,'post.create',NULL,NULL,NULL,'2017-11-13 09:53:16.394756','2017-11-13 09:53:16.394756');
INSERT INTO "activities" VALUES(64,'Post',30,'User',1,'post.create',NULL,NULL,NULL,'2017-11-13 09:53:16.599337','2017-11-13 09:53:16.599337');
INSERT INTO "activities" VALUES(65,'Post',31,'User',1,'post.create',NULL,NULL,NULL,'2017-11-13 09:55:08.132835','2017-11-13 09:55:08.132835');
INSERT INTO "activities" VALUES(66,'Post',32,'User',1,'post.create',NULL,NULL,NULL,'2017-11-13 09:55:13.498854','2017-11-13 09:55:13.498854');
INSERT INTO "activities" VALUES(67,'Post',33,'User',1,'post.create',NULL,NULL,NULL,'2017-11-13 09:55:46.860772','2017-11-13 09:55:46.860772');
INSERT INTO "activities" VALUES(68,'Post',34,'User',1,'post.create',NULL,NULL,NULL,'2017-11-13 09:56:03.545182','2017-11-13 09:56:03.545182');
INSERT INTO "activities" VALUES(69,'Post',35,'User',1,'post.create',NULL,NULL,NULL,'2017-11-13 09:56:19.887817','2017-11-13 09:56:19.887817');
INSERT INTO "activities" VALUES(70,'Post',36,'User',1,'post.create',NULL,NULL,NULL,'2017-11-13 09:56:20.082221','2017-11-13 09:56:20.082221');
INSERT INTO "activities" VALUES(71,'Post',37,'User',1,'post.create',NULL,NULL,NULL,'2017-11-13 09:56:28.876361','2017-11-13 09:56:28.876361');
INSERT INTO "activities" VALUES(72,'Post',38,'User',1,'post.create',NULL,NULL,NULL,'2017-11-13 10:39:16.994245','2017-11-13 10:39:16.994245');
INSERT INTO "activities" VALUES(73,'Post',39,'User',1,'post.create',NULL,NULL,NULL,'2017-11-13 10:40:40.228239','2017-11-13 10:40:40.228239');
INSERT INTO "activities" VALUES(74,'Post',40,'User',1,'post.create',NULL,NULL,NULL,'2017-11-13 10:40:53.491119','2017-11-13 10:40:53.491119');
INSERT INTO "activities" VALUES(75,'Post',41,'User',1,'post.create',NULL,NULL,NULL,'2017-11-13 10:47:37.380290','2017-11-13 10:47:37.380290');
INSERT INTO "activities" VALUES(76,'Post',42,'User',1,'post.create',NULL,NULL,NULL,'2017-11-13 11:03:49.410989','2017-11-13 11:03:49.410989');
INSERT INTO "activities" VALUES(77,'Post',43,'User',1,'post.create',NULL,NULL,NULL,'2017-11-13 11:27:03.166392','2017-11-13 11:27:03.166392');
INSERT INTO "activities" VALUES(78,'Post',44,'User',1,'post.create',NULL,NULL,NULL,'2017-11-13 11:27:51.809708','2017-11-13 11:27:51.809708');
INSERT INTO "activities" VALUES(79,'Post',45,'User',1,'post.create',NULL,NULL,NULL,'2017-11-13 11:31:16.238685','2017-11-13 11:31:16.238685');
INSERT INTO "activities" VALUES(80,'Post',46,'User',1,'post.create',NULL,NULL,NULL,'2017-11-13 11:34:34.729976','2017-11-13 11:34:34.729976');
INSERT INTO "activities" VALUES(81,'Post',47,'User',1,'post.create',NULL,NULL,NULL,'2017-11-13 11:41:22.882505','2017-11-13 11:41:22.882505');
INSERT INTO "activities" VALUES(82,'Post',48,'User',1,'post.create',NULL,NULL,NULL,'2017-11-13 13:31:25.759640','2017-11-13 13:31:25.759640');
INSERT INTO "activities" VALUES(83,'Post',49,'User',1,'post.create',NULL,NULL,NULL,'2017-11-14 12:39:12.874508','2017-11-14 12:39:12.874508');
INSERT INTO "activities" VALUES(84,'Post',50,'User',1,'post.create',NULL,NULL,NULL,'2017-11-14 12:46:30.033041','2017-11-14 12:46:30.033041');
INSERT INTO "activities" VALUES(85,'Post',51,'User',1,'post.create',NULL,NULL,NULL,'2017-11-14 12:47:15.275061','2017-11-14 12:47:15.275061');
INSERT INTO "activities" VALUES(86,'Post',52,'User',1,'post.create',NULL,NULL,NULL,'2017-11-14 12:47:39.834350','2017-11-14 12:47:39.834350');
INSERT INTO "activities" VALUES(87,'Post',53,'User',1,'post.create',NULL,NULL,NULL,'2017-11-14 12:47:50.214478','2017-11-14 12:47:50.214478');
INSERT INTO "activities" VALUES(88,'Comment',29,'User',1,'comment.create',NULL,NULL,NULL,'2017-11-14 12:48:31.635890','2017-11-14 12:48:31.635890');
INSERT INTO "activities" VALUES(89,'Comment',30,'User',1,'comment.create',NULL,NULL,NULL,'2017-11-14 12:49:19.624896','2017-11-14 12:49:19.624896');
INSERT INTO "activities" VALUES(90,'Post',54,'User',1,'post.create',NULL,NULL,NULL,'2017-11-14 12:53:41.690684','2017-11-14 12:53:41.690684');
INSERT INTO "activities" VALUES(91,'Post',55,'User',1,'post.create',NULL,NULL,NULL,'2017-11-14 12:54:30.522708','2017-11-14 12:54:30.522708');
INSERT INTO "activities" VALUES(92,'Comment',31,'User',1,'comment.create',NULL,NULL,NULL,'2017-11-14 12:56:31.951736','2017-11-14 12:56:31.951736');
INSERT INTO "activities" VALUES(93,'Post',56,'User',1,'post.create',NULL,NULL,NULL,'2017-11-14 13:06:12.665695','2017-11-14 13:06:12.665695');
INSERT INTO "activities" VALUES(94,'Post',57,'User',1,'post.create',NULL,NULL,NULL,'2017-11-14 13:06:22.761093','2017-11-14 13:06:22.761093');
INSERT INTO "activities" VALUES(95,'Post',58,'User',1,'post.create',NULL,NULL,NULL,'2017-11-14 13:30:11.533125','2017-11-14 13:30:11.533125');
INSERT INTO "activities" VALUES(96,'Post',59,'User',1,'post.create',NULL,NULL,NULL,'2017-11-14 13:30:19.421117','2017-11-14 13:30:19.421117');
INSERT INTO "activities" VALUES(97,'Post',60,'User',1,'post.create',NULL,NULL,NULL,'2017-11-14 18:51:34.520219','2017-11-14 18:51:34.520219');
INSERT INTO "activities" VALUES(98,'Post',61,'User',1,'post.create',NULL,NULL,NULL,'2017-11-14 19:11:38.370616','2017-11-14 19:11:38.370616');
INSERT INTO "activities" VALUES(99,'Post',62,'User',1,'post.create',NULL,NULL,NULL,'2017-11-14 19:14:47.502986','2017-11-14 19:14:47.502986');
INSERT INTO "activities" VALUES(100,'Post',63,'User',1,'post.create',NULL,NULL,NULL,'2017-11-15 07:15:07.867356','2017-11-15 07:15:07.867356');
INSERT INTO "activities" VALUES(101,'Post',64,'User',1,'post.create',NULL,NULL,NULL,'2017-11-15 07:16:00.547916','2017-11-15 07:16:00.547916');
INSERT INTO "activities" VALUES(102,'Post',65,'User',1,'post.create',NULL,NULL,NULL,'2017-11-15 07:17:53.449005','2017-11-15 07:17:53.449005');
INSERT INTO "activities" VALUES(103,'Post',66,'User',1,'post.create',NULL,NULL,NULL,'2017-11-15 07:18:39.252043','2017-11-15 07:18:39.252043');
INSERT INTO "activities" VALUES(104,'Post',67,'User',1,'post.create',NULL,NULL,NULL,'2017-11-15 09:21:47.098786','2017-11-15 09:21:47.098786');
INSERT INTO "activities" VALUES(105,'Post',68,'User',1,'post.create',NULL,NULL,NULL,'2017-11-15 09:21:58.749193','2017-11-15 09:21:58.749193');
INSERT INTO "activities" VALUES(151,'Post',69,'User',1,'post.create',NULL,NULL,NULL,'2017-11-16 18:47:02.810661','2017-11-16 18:47:02.810661');
INSERT INTO "activities" VALUES(152,'Post',70,'User',1,'post.create',NULL,NULL,NULL,'2017-11-16 18:47:10.769181','2017-11-16 18:47:10.769181');
INSERT INTO "activities" VALUES(153,'Post',70,'User',1,'post.like',NULL,NULL,NULL,'2017-11-16 18:47:21.649736','2017-11-16 18:47:21.649736');
INSERT INTO "activities" VALUES(162,'Post',71,'User',1,'post.create',NULL,NULL,NULL,'2017-11-17 09:30:45.514105','2017-11-17 09:30:45.514105');
INSERT INTO "activities" VALUES(163,'Post',72,'User',1,'post.create',NULL,NULL,NULL,'2017-11-17 09:36:04.933039','2017-11-17 09:36:04.933039');
INSERT INTO "activities" VALUES(164,'Post',73,'User',1,'post.create',NULL,NULL,NULL,'2017-11-17 09:50:40.330080','2017-11-17 09:50:40.330080');
INSERT INTO "activities" VALUES(166,'Post',74,'User',1,'post.create',NULL,NULL,NULL,'2017-11-17 10:23:21.414831','2017-11-17 10:23:21.414831');
INSERT INTO "activities" VALUES(167,'Post',75,'User',1,'post.create',NULL,NULL,NULL,'2017-11-17 10:25:24.059457','2017-11-17 10:25:24.059457');
INSERT INTO "activities" VALUES(168,'Post',75,'User',1,'post.like',NULL,NULL,NULL,'2017-11-17 10:25:27.102129','2017-11-17 10:25:27.102129');
INSERT INTO "activities" VALUES(188,'Comment',32,'User',1,'comment.create',NULL,NULL,NULL,'2017-11-17 14:51:10.426536','2017-11-17 14:51:10.426536');
INSERT INTO "activities" VALUES(189,'Comment',33,'User',1,'comment.create',NULL,NULL,NULL,'2017-11-17 14:51:25.505466','2017-11-17 14:51:25.505466');
INSERT INTO "activities" VALUES(190,'Comment',34,'User',1,'comment.create',NULL,NULL,NULL,'2017-11-17 14:52:35.545394','2017-11-17 14:52:35.545394');
INSERT INTO "activities" VALUES(191,'Comment',35,'User',1,'comment.create',NULL,NULL,NULL,'2017-11-17 14:52:58.782162','2017-11-17 14:52:58.782162');
INSERT INTO "activities" VALUES(192,'Comment',36,'User',1,'comment.create',NULL,NULL,NULL,'2017-11-17 14:54:00.415072','2017-11-17 14:54:00.415072');
INSERT INTO "activities" VALUES(193,'Comment',37,'User',1,'comment.create',NULL,NULL,NULL,'2017-11-17 15:31:40.711080','2017-11-17 15:31:40.711080');
INSERT INTO "activities" VALUES(194,'Comment',38,'User',1,'comment.create',NULL,NULL,NULL,'2017-11-17 15:33:19.146864','2017-11-17 15:33:19.146864');
INSERT INTO "activities" VALUES(195,'Post',76,'User',1,'post.create',NULL,NULL,NULL,'2017-11-17 15:33:35.211429','2017-11-17 15:33:35.211429');
INSERT INTO "activities" VALUES(196,'Post',77,'User',1,'post.create',NULL,NULL,NULL,'2017-11-17 15:36:56.828592','2017-11-17 15:36:56.828592');
INSERT INTO "activities" VALUES(197,'Post',78,'User',1,'post.create',NULL,NULL,NULL,'2017-11-17 15:42:31.599138','2017-11-17 15:42:31.599138');
INSERT INTO "activities" VALUES(198,'Comment',39,'User',1,'comment.create',NULL,NULL,NULL,'2017-11-17 15:42:38.530680','2017-11-17 15:42:38.530680');
INSERT INTO "activities" VALUES(199,'Comment',40,'User',1,'comment.create',NULL,NULL,NULL,'2017-11-17 15:45:17.359422','2017-11-17 15:45:17.359422');
INSERT INTO "activities" VALUES(200,'Comment',41,'User',1,'comment.create',NULL,NULL,NULL,'2017-11-17 15:46:24.433053','2017-11-17 15:46:24.433053');
INSERT INTO "activities" VALUES(201,'Comment',42,'User',1,'comment.create',NULL,NULL,NULL,'2017-11-17 15:47:22.783818','2017-11-17 15:47:22.783818');
INSERT INTO "activities" VALUES(202,'Comment',43,'User',1,'comment.create',NULL,NULL,NULL,'2017-11-18 10:39:33.807657','2017-11-18 10:39:33.807657');
INSERT INTO "activities" VALUES(203,'Comment',44,'User',1,'comment.create',NULL,NULL,NULL,'2017-11-18 10:39:54.617834','2017-11-18 10:39:54.617834');
INSERT INTO "activities" VALUES(204,'Comment',45,'User',1,'comment.create',NULL,NULL,NULL,'2017-11-18 10:48:45.612458','2017-11-18 10:48:45.612458');
INSERT INTO "activities" VALUES(205,'Post',79,'User',1,'post.create',NULL,NULL,NULL,'2017-11-18 10:49:29.539581','2017-11-18 10:49:29.539581');
INSERT INTO "activities" VALUES(206,'Comment',46,'User',1,'comment.create',NULL,NULL,NULL,'2017-11-18 10:49:47.478566','2017-11-18 10:49:47.478566');
INSERT INTO "activities" VALUES(209,'Post',61,'User',1,'post.like',NULL,NULL,NULL,'2017-11-18 10:49:57.589862','2017-11-18 10:49:57.589862');
INSERT INTO "activities" VALUES(210,'Follow',19,'User',1,'follow.create',NULL,NULL,NULL,'2017-11-20 08:32:09.739776','2017-11-20 08:32:09.739776');
INSERT INTO "activities" VALUES(211,'Follow',20,'User',1,'follow.create',NULL,NULL,NULL,'2017-11-20 08:32:34.465880','2017-11-20 08:32:34.465880');
INSERT INTO "activities" VALUES(212,'Follow',21,'User',1,'follow.create',NULL,NULL,NULL,'2017-11-20 08:59:12.680884','2017-11-20 08:59:12.680884');
INSERT INTO "activities" VALUES(213,'Follow',22,'User',1,'follow.create',NULL,NULL,NULL,'2017-11-20 09:02:29.719630','2017-11-20 09:02:29.719630');
INSERT INTO "activities" VALUES(214,'Follow',23,'User',1,'follow.create',NULL,NULL,NULL,'2017-11-20 09:08:28.465792','2017-11-20 09:08:28.465792');
INSERT INTO "activities" VALUES(215,'Follow',24,'User',1,'follow.create',NULL,NULL,NULL,'2017-11-20 09:14:26.983605','2017-11-20 09:14:26.983605');
INSERT INTO "activities" VALUES(216,'Follow',25,'User',1,'follow.create',NULL,NULL,NULL,'2017-11-20 09:40:31.855971','2017-11-20 09:40:31.855971');
INSERT INTO "activities" VALUES(217,'Follow',26,'User',1,'follow.create',NULL,NULL,NULL,'2017-11-20 09:41:50.644938','2017-11-20 09:41:50.644938');
INSERT INTO "activities" VALUES(218,'Follow',27,'User',1,'follow.create',NULL,NULL,NULL,'2017-11-20 09:43:30.626930','2017-11-20 09:43:30.626930');
INSERT INTO "activities" VALUES(219,'Follow',28,'User',1,'follow.create',NULL,NULL,NULL,'2017-11-20 09:46:55.319268','2017-11-20 09:46:55.319268');
INSERT INTO "activities" VALUES(220,'Follow',29,'User',1,'follow.create',NULL,NULL,NULL,'2017-11-20 15:41:39.873897','2017-11-20 15:41:39.873897');
INSERT INTO "activities" VALUES(221,'Follow',30,'User',1,'follow.create',NULL,NULL,NULL,'2017-11-20 15:41:42.759791','2017-11-20 15:41:42.759791');
INSERT INTO "activities" VALUES(222,'Follow',31,'User',1,'follow.create',NULL,NULL,NULL,'2017-11-20 15:41:46.506326','2017-11-20 15:41:46.506326');
INSERT INTO "activities" VALUES(223,'Follow',32,'User',1,'follow.create',NULL,NULL,NULL,'2017-11-20 15:42:01.726247','2017-11-20 15:42:01.726247');
INSERT INTO "activities" VALUES(224,'Follow',33,'User',1,'follow.create',NULL,NULL,NULL,'2017-11-20 15:44:56.229044','2017-11-20 15:44:56.229044');
INSERT INTO "activities" VALUES(225,'Follow',34,'User',1,'follow.create',NULL,NULL,NULL,'2017-11-20 15:45:03.041017','2017-11-20 15:45:03.041017');
INSERT INTO "activities" VALUES(226,'Follow',35,'User',1,'follow.create',NULL,NULL,NULL,'2017-11-20 15:45:04.063913','2017-11-20 15:45:04.063913');
INSERT INTO "activities" VALUES(227,'Follow',36,'User',1,'follow.create',NULL,NULL,NULL,'2017-11-20 15:45:04.602234','2017-11-20 15:45:04.602234');
INSERT INTO "activities" VALUES(228,'Follow',37,'User',1,'follow.create',NULL,NULL,NULL,'2017-11-20 15:45:09.319222','2017-11-20 15:45:09.319222');
INSERT INTO "activities" VALUES(229,'Follow',38,'User',1,'follow.create',NULL,NULL,NULL,'2017-11-20 15:45:34.633607','2017-11-20 15:45:34.633607');
INSERT INTO "activities" VALUES(230,'Follow',39,'User',1,'follow.create',NULL,NULL,NULL,'2017-11-20 15:45:40.140519','2017-11-20 15:45:40.140519');
INSERT INTO "activities" VALUES(231,'Follow',40,'User',1,'follow.create',NULL,NULL,NULL,'2017-11-20 15:46:11.185603','2017-11-20 15:46:11.185603');
INSERT INTO "activities" VALUES(232,'Follow',41,'User',1,'follow.create',NULL,NULL,NULL,'2017-11-20 15:48:21.326554','2017-11-20 15:48:21.326554');
INSERT INTO "activities" VALUES(233,'Follow',42,'User',1,'follow.create',NULL,NULL,NULL,'2017-11-20 15:48:24.674447','2017-11-20 15:48:24.674447');
INSERT INTO "activities" VALUES(234,'Follow',43,'User',1,'follow.create',NULL,NULL,NULL,'2017-11-20 15:48:26.337943','2017-11-20 15:48:26.337943');
INSERT INTO "activities" VALUES(235,'Follow',44,'User',1,'follow.create',NULL,NULL,NULL,'2017-11-20 15:48:43.094829','2017-11-20 15:48:43.094829');
INSERT INTO "activities" VALUES(236,'Follow',45,'User',1,'follow.create',NULL,NULL,NULL,'2017-11-20 17:35:20.129423','2017-11-20 17:35:20.129423');
INSERT INTO "activities" VALUES(237,'Follow',46,'User',1,'follow.create',NULL,NULL,NULL,'2017-11-20 17:35:32.947633','2017-11-20 17:35:32.947633');
INSERT INTO "activities" VALUES(238,'Follow',47,'User',1,'follow.create',NULL,NULL,NULL,'2017-11-20 17:56:46.462126','2017-11-20 17:56:46.462126');
INSERT INTO "activities" VALUES(239,'Follow',48,'User',1,'follow.create',NULL,NULL,NULL,'2017-11-20 17:57:01.314409','2017-11-20 17:57:01.314409');
INSERT INTO "activities" VALUES(240,'Follow',49,'User',1,'follow.create',NULL,NULL,NULL,'2017-11-20 17:57:12.889255','2017-11-20 17:57:12.889255');
INSERT INTO "activities" VALUES(241,'Follow',50,'User',1,'follow.create',NULL,NULL,NULL,'2017-11-20 18:19:05.946746','2017-11-20 18:19:05.946746');
INSERT INTO "activities" VALUES(242,'Follow',51,'User',1,'follow.create',NULL,NULL,NULL,'2017-11-21 10:19:06.474598','2017-11-21 10:19:06.474598');
INSERT INTO "activities" VALUES(243,'Follow',52,'User',1,'follow.create',NULL,NULL,NULL,'2017-11-21 10:19:09.233807','2017-11-21 10:19:09.233807');
INSERT INTO "activities" VALUES(244,'Follow',53,'User',1,'follow.create',NULL,NULL,NULL,'2017-11-21 10:19:14.076698','2017-11-21 10:19:14.076698');
INSERT INTO "activities" VALUES(245,'Follow',54,'User',1,'follow.create',NULL,NULL,NULL,'2017-11-21 10:20:21.237290','2017-11-21 10:20:21.237290');
INSERT INTO "activities" VALUES(246,'Follow',55,'User',1,'follow.create',NULL,NULL,NULL,'2017-11-21 10:20:38.113104','2017-11-21 10:20:38.113104');
INSERT INTO "activities" VALUES(247,'Follow',56,'User',1,'follow.create',NULL,NULL,NULL,'2017-11-21 10:20:54.469163','2017-11-21 10:20:54.469163');
INSERT INTO "activities" VALUES(248,'Follow',57,'User',1,'follow.create',NULL,NULL,NULL,'2017-11-21 10:22:10.773403','2017-11-21 10:22:10.773403');
INSERT INTO "activities" VALUES(249,'Follow',58,'User',1,'follow.create',NULL,NULL,NULL,'2017-11-21 10:22:12.359528','2017-11-21 10:22:12.359528');
INSERT INTO "activities" VALUES(250,'Follow',59,'User',1,'follow.create',NULL,NULL,NULL,'2017-11-21 10:25:35.288171','2017-11-21 10:25:35.288171');
INSERT INTO "activities" VALUES(251,'Follow',60,'User',1,'follow.create',NULL,NULL,NULL,'2017-11-21 10:25:59.418782','2017-11-21 10:25:59.418782');
INSERT INTO "activities" VALUES(252,'Follow',61,'User',1,'follow.create',NULL,NULL,NULL,'2017-11-21 10:26:03.863532','2017-11-21 10:26:03.863532');
INSERT INTO "activities" VALUES(253,'Follow',62,'User',1,'follow.create',NULL,NULL,NULL,'2017-11-21 10:26:31.720167','2017-11-21 10:26:31.720167');
INSERT INTO "activities" VALUES(254,'Follow',63,'User',1,'follow.create',NULL,NULL,NULL,'2017-11-21 10:26:33.337654','2017-11-21 10:26:33.337654');
INSERT INTO "activities" VALUES(255,'Follow',64,'User',1,'follow.create',NULL,NULL,NULL,'2017-11-21 10:27:27.094860','2017-11-21 10:27:27.094860');
INSERT INTO "activities" VALUES(256,'Follow',65,'User',1,'follow.create',NULL,NULL,NULL,'2017-11-21 10:27:28.938583','2017-11-21 10:27:28.938583');
INSERT INTO "activities" VALUES(257,'Follow',66,'User',1,'follow.create',NULL,NULL,NULL,'2017-11-21 10:27:55.922903','2017-11-21 10:27:55.922903');
INSERT INTO "activities" VALUES(258,'Follow',67,'User',1,'follow.create',NULL,NULL,NULL,'2017-11-21 10:28:10.661636','2017-11-21 10:28:10.661636');
INSERT INTO "activities" VALUES(259,'Follow',68,'User',1,'follow.create',NULL,NULL,NULL,'2017-11-21 10:28:13.586968','2017-11-21 10:28:13.586968');
INSERT INTO "activities" VALUES(260,'Follow',69,'User',1,'follow.create',NULL,NULL,NULL,'2017-11-21 10:28:16.180656','2017-11-21 10:28:16.180656');
INSERT INTO "activities" VALUES(261,'Follow',70,'User',1,'follow.create',NULL,NULL,NULL,'2017-11-21 10:28:28.442055','2017-11-21 10:28:28.442055');
INSERT INTO "activities" VALUES(262,'Follow',71,'User',1,'follow.create',NULL,NULL,NULL,'2017-11-21 10:30:49.199036','2017-11-21 10:30:49.199036');
INSERT INTO "activities" VALUES(263,'Follow',72,'User',1,'follow.create',NULL,NULL,NULL,'2017-11-21 10:30:51.150574','2017-11-21 10:30:51.150574');
INSERT INTO "activities" VALUES(264,'Follow',73,'User',1,'follow.create',NULL,NULL,NULL,'2017-11-21 10:48:56.785422','2017-11-21 10:48:56.785422');
INSERT INTO "activities" VALUES(265,'Follow',74,'User',1,'follow.create',NULL,NULL,NULL,'2017-11-21 10:48:58.548931','2017-11-21 10:48:58.548931');
INSERT INTO "activities" VALUES(266,'Follow',75,'User',1,'follow.create',NULL,NULL,NULL,'2017-11-21 10:49:04.160467','2017-11-21 10:49:04.160467');
INSERT INTO "activities" VALUES(267,'Follow',76,'User',1,'follow.create',NULL,NULL,NULL,'2017-11-21 10:49:05.010029','2017-11-21 10:49:05.010029');
INSERT INTO "activities" VALUES(268,'Follow',77,'User',1,'follow.create',NULL,NULL,NULL,'2017-11-21 10:49:09.530634','2017-11-21 10:49:09.530634');
INSERT INTO "activities" VALUES(269,'Follow',78,'User',1,'follow.create',NULL,NULL,NULL,'2017-11-21 10:49:11.105862','2017-11-21 10:49:11.105862');
INSERT INTO "activities" VALUES(270,'Follow',79,'User',1,'follow.create',NULL,NULL,NULL,'2017-11-21 10:49:12.181810','2017-11-21 10:49:12.181810');
INSERT INTO "activities" VALUES(271,'Follow',80,'User',1,'follow.create',NULL,NULL,NULL,'2017-11-21 10:49:12.781420','2017-11-21 10:49:12.781420');
INSERT INTO "activities" VALUES(272,'Follow',81,'User',1,'follow.create',NULL,NULL,NULL,'2017-11-21 10:49:27.025124','2017-11-21 10:49:27.025124');
INSERT INTO "activities" VALUES(273,'Follow',82,'User',1,'follow.create',NULL,NULL,NULL,'2017-11-21 10:50:45.977183','2017-11-21 10:50:45.977183');
INSERT INTO "activities" VALUES(274,'Follow',83,'User',1,'follow.create',NULL,NULL,NULL,'2017-11-21 10:50:50.498967','2017-11-21 10:50:50.498967');
INSERT INTO "activities" VALUES(275,'Follow',84,'User',1,'follow.create',NULL,NULL,NULL,'2017-11-21 10:50:51.952341','2017-11-21 10:50:51.952341');
INSERT INTO "activities" VALUES(276,'Follow',85,'User',1,'follow.create',NULL,NULL,NULL,'2017-11-21 11:08:52.458682','2017-11-21 11:08:52.458682');
INSERT INTO "activities" VALUES(277,'Follow',86,'User',1,'follow.create',NULL,NULL,NULL,'2017-11-21 11:08:54.441198','2017-11-21 11:08:54.441198');
INSERT INTO "activities" VALUES(278,'Follow',87,'User',1,'follow.create',NULL,NULL,NULL,'2017-11-21 11:08:56.505620','2017-11-21 11:08:56.505620');
INSERT INTO "activities" VALUES(279,'Follow',88,'User',1,'follow.create',NULL,NULL,NULL,'2017-11-21 11:09:10.474664','2017-11-21 11:09:10.474664');
INSERT INTO "activities" VALUES(280,'Follow',89,'User',1,'follow.create',NULL,NULL,NULL,'2017-11-21 11:18:16.560050','2017-11-21 11:18:16.560050');
INSERT INTO "activities" VALUES(281,'Follow',90,'User',1,'follow.create',NULL,NULL,NULL,'2017-11-21 11:20:50.992617','2017-11-21 11:20:50.992617');
INSERT INTO "activities" VALUES(282,'Follow',91,'User',1,'follow.create',NULL,NULL,NULL,'2017-11-21 11:20:55.872152','2017-11-21 11:20:55.872152');
INSERT INTO "activities" VALUES(283,'Follow',92,'User',1,'follow.create',NULL,NULL,NULL,'2017-11-21 11:20:58.363889','2017-11-21 11:20:58.363889');
INSERT INTO "activities" VALUES(284,'Follow',93,'User',1,'follow.create',NULL,NULL,NULL,'2017-11-21 11:21:03.349520','2017-11-21 11:21:03.349520');
INSERT INTO "activities" VALUES(285,'Follow',94,'User',1,'follow.create',NULL,NULL,NULL,'2017-11-21 11:21:04.737209','2017-11-21 11:21:04.737209');
INSERT INTO "activities" VALUES(286,'Follow',95,'User',1,'follow.create',NULL,NULL,NULL,'2017-11-21 11:21:06.456458','2017-11-21 11:21:06.456458');
INSERT INTO "activities" VALUES(287,'Follow',96,'User',1,'follow.create',NULL,NULL,NULL,'2017-11-23 10:17:13.101796','2017-11-23 10:17:13.101796');
INSERT INTO "activities" VALUES(288,'Follow',97,'User',1,'follow.create',NULL,NULL,NULL,'2017-11-23 10:17:16.540852','2017-11-23 10:17:16.540852');
INSERT INTO "activities" VALUES(289,'Post',61,'User',2,'post.like',NULL,NULL,NULL,'2017-11-27 10:32:05.696789','2017-11-27 10:32:05.696789');
INSERT INTO "activities" VALUES(290,'Post',73,'User',2,'post.like',NULL,NULL,NULL,'2017-11-27 10:32:07.007183','2017-11-27 10:32:07.007183');
INSERT INTO "activities" VALUES(292,'Post',2,'User',2,'post.like',NULL,NULL,NULL,'2017-11-27 10:32:15.186473','2017-11-27 10:32:15.186473');
INSERT INTO "activities" VALUES(294,'Comment',47,'User',2,'comment.create',NULL,NULL,NULL,'2017-11-27 10:33:18.250017','2017-11-27 10:33:18.250017');
INSERT INTO "activities" VALUES(295,'Post',80,'User',2,'post.create',NULL,NULL,NULL,'2017-11-27 10:33:48.321041','2017-11-27 10:33:48.321041');
INSERT INTO "activities" VALUES(298,'Follow',98,'User',2,'follow.create',NULL,NULL,NULL,'2017-11-27 10:34:17.080282','2017-11-27 10:34:17.080282');
INSERT INTO "activities" VALUES(299,'Follow',99,'User',2,'follow.create',NULL,NULL,NULL,'2017-11-27 10:34:18.985675','2017-11-27 10:34:18.985675');
INSERT INTO "activities" VALUES(300,'Follow',100,'User',2,'follow.create',NULL,NULL,NULL,'2017-11-27 10:34:23.906993','2017-11-27 10:34:23.906993');
INSERT INTO "activities" VALUES(302,'Post',81,'User',2,'post.create',NULL,NULL,NULL,'2017-11-29 20:14:18.378855','2017-11-29 20:14:18.378855');
INSERT INTO "activities" VALUES(303,'Post',80,'User',2,'post.like',NULL,NULL,NULL,'2017-11-29 20:16:27.538529','2017-11-29 20:16:27.538529');
INSERT INTO "activities" VALUES(304,'Post',73,'User',2,'post.like',NULL,NULL,NULL,'2017-11-29 20:16:30.244519','2017-11-29 20:16:30.244519');
INSERT INTO "activities" VALUES(305,'Comment',48,'User',2,'comment.create',NULL,NULL,NULL,'2017-11-29 20:17:02.199659','2017-11-29 20:17:02.199659');
INSERT INTO "activities" VALUES(306,'Post',82,'User',2,'post.create',NULL,NULL,NULL,'2017-11-30 09:51:46.763702','2017-11-30 09:51:46.763702');
INSERT INTO "activities" VALUES(307,'Post',82,'User',2,'post.like',NULL,NULL,NULL,'2017-11-30 09:52:31.608257','2017-11-30 09:52:31.608257');
INSERT INTO "activities" VALUES(308,'Post',83,'User',2,'post.create',NULL,NULL,NULL,'2017-11-30 09:55:51.589703','2017-11-30 09:55:51.589703');
INSERT INTO "activities" VALUES(309,'Follow',101,'User',1,'follow.create',NULL,NULL,NULL,'2017-11-30 10:00:58.120915','2017-11-30 10:00:58.120915');
INSERT INTO "activities" VALUES(310,'Follow',102,'User',2,'follow.create',NULL,NULL,NULL,'2017-11-30 19:29:44.098698','2017-11-30 19:29:44.098698');
INSERT INTO "activities" VALUES(311,'Post',84,'User',2,'post.create',NULL,NULL,NULL,'2017-12-01 16:09:18.215170','2017-12-01 16:09:18.215170');
INSERT INTO "activities" VALUES(312,'Post',85,'User',2,'post.create',NULL,NULL,NULL,'2017-12-01 16:24:42.539756','2017-12-01 16:24:42.539756');
INSERT INTO "activities" VALUES(313,'Post',86,'User',2,'post.create',NULL,NULL,NULL,'2017-12-01 16:28:19.674657','2017-12-01 16:28:19.674657');
INSERT INTO "activities" VALUES(314,'Post',87,'User',2,'post.create',NULL,NULL,NULL,'2017-12-01 16:28:29.103554','2017-12-01 16:28:29.103554');
INSERT INTO "activities" VALUES(315,'Post',88,'User',2,'post.create',NULL,NULL,NULL,'2017-12-04 10:52:13.455296','2017-12-04 10:52:13.455296');
INSERT INTO "activities" VALUES(316,'Comment',49,'User',2,'comment.create',NULL,NULL,NULL,'2017-12-05 07:02:12.739435','2017-12-05 07:02:12.739435');
INSERT INTO "activities" VALUES(317,'Comment',50,'User',2,'comment.create',NULL,NULL,NULL,'2017-12-05 07:02:23.366719','2017-12-05 07:02:23.366719');
INSERT INTO "activities" VALUES(318,'Comment',51,'User',2,'comment.create',NULL,NULL,NULL,'2017-12-05 07:02:41.431442','2017-12-05 07:02:41.431442');
INSERT INTO "activities" VALUES(319,'Comment',52,'User',2,'comment.create',NULL,NULL,NULL,'2017-12-05 07:09:49.161390','2017-12-05 07:09:49.161390');
INSERT INTO "activities" VALUES(320,'Comment',53,'User',2,'comment.create',NULL,NULL,NULL,'2017-12-05 07:10:49.165464','2017-12-05 07:10:49.165464');
INSERT INTO "activities" VALUES(321,'Comment',54,'User',2,'comment.create',NULL,NULL,NULL,'2017-12-05 07:21:56.901070','2017-12-05 07:21:56.901070');
INSERT INTO "activities" VALUES(322,'Comment',55,'User',2,'comment.create',NULL,NULL,NULL,'2017-12-05 11:07:40.580892','2017-12-05 11:07:40.580892');
INSERT INTO "activities" VALUES(323,'Comment',56,'User',2,'comment.create',NULL,NULL,NULL,'2017-12-05 11:22:36.916170','2017-12-05 11:22:36.916170');
INSERT INTO "activities" VALUES(324,'Follow',103,'User',3,'follow.create',NULL,NULL,NULL,'2017-12-05 12:34:13.418158','2017-12-05 12:34:13.418158');
INSERT INTO "activities" VALUES(325,'Follow',104,'User',3,'follow.create',NULL,NULL,NULL,'2017-12-05 12:34:14.955789','2017-12-05 12:34:14.955789');
INSERT INTO "activities" VALUES(326,'Post',89,'User',3,'post.create',NULL,NULL,NULL,'2017-12-05 12:35:34.933010','2017-12-05 12:35:34.933010');
INSERT INTO "activities" VALUES(327,'Post',89,'User',3,'post.like',NULL,NULL,NULL,'2017-12-05 12:36:18.447173','2017-12-05 12:36:18.447173');
INSERT INTO "activities" VALUES(328,'Post',83,'User',3,'post.like',NULL,NULL,NULL,'2017-12-05 12:36:23.707049','2017-12-05 12:36:23.707049');
CREATE TABLE "subscriptions" ("id" INTEGER PRIMARY KEY AUTOINCREMENT NOT NULL, "user_id" integer, "chat_id" integer, "created_at" datetime NOT NULL, "updated_at" datetime NOT NULL, "comchat_id" integer, CONSTRAINT "fk_rails_933bdff476"
FOREIGN KEY ("user_id")
  REFERENCES "users" ("id")
, CONSTRAINT "fk_rails_652b0742de"
FOREIGN KEY ("chat_id")
  REFERENCES "chats" ("id")
);
CREATE TABLE "messages" ("id" INTEGER PRIMARY KEY AUTOINCREMENT NOT NULL, "content" text DEFAULT NULL, "created_at" datetime NOT NULL, "updated_at" datetime NOT NULL, "user_id" integer DEFAULT NULL, "chat_id" integer DEFAULT NULL);
CREATE TABLE "chats" ("id" INTEGER PRIMARY KEY AUTOINCREMENT NOT NULL, "identifier" varchar DEFAULT NULL, "created_at" datetime NOT NULL, "updated_at" datetime NOT NULL, "name"  DEFAULT NULL);
INSERT INTO "chats" VALUES(1,'20a53b951ee496274e4ae4c382a0cb1c','2017-12-11 18:09:58.584300','2017-12-11 18:09:58.584300',NULL);
INSERT INTO "chats" VALUES(2,'5394b86247dfc68e0f73a5618663b48f','2017-12-11 18:12:35.709627','2017-12-11 18:12:35.709627',NULL);
DELETE FROM sqlite_sequence;
INSERT INTO "sqlite_sequence" VALUES('users',3);
INSERT INTO "sqlite_sequence" VALUES('posts',89);
INSERT INTO "sqlite_sequence" VALUES('votes',34);
INSERT INTO "sqlite_sequence" VALUES('comments',56);
INSERT INTO "sqlite_sequence" VALUES('follows',104);
INSERT INTO "sqlite_sequence" VALUES('activities',328);
INSERT INTO "sqlite_sequence" VALUES('subscriptions',6);
INSERT INTO "sqlite_sequence" VALUES('messages',84);
INSERT INTO "sqlite_sequence" VALUES('chats',2);
CREATE UNIQUE INDEX "index_users_on_email" ON "users" ("email");
CREATE UNIQUE INDEX "index_users_on_reset_password_token" ON "users" ("reset_password_token");
CREATE UNIQUE INDEX "index_users_on_confirmation_token" ON "users" ("confirmation_token");
CREATE INDEX "index_posts_on_user_id" ON "posts" ("user_id");
CREATE INDEX "index_votes_on_voter_id_and_voter_type_and_vote_scope" ON "votes" ("voter_id", "voter_type", "vote_scope");
CREATE INDEX "index_votes_on_votable_id_and_votable_type_and_vote_scope" ON "votes" ("votable_id", "votable_type", "vote_scope");
CREATE INDEX "index_comments_on_commentable_type" ON "comments" ("commentable_type");
CREATE INDEX "index_comments_on_commentable_id" ON "comments" ("commentable_id");
CREATE INDEX "index_comments_on_user_id" ON "comments" ("user_id");
CREATE INDEX "index_follows_on_followable_type_and_followable_id" ON "follows" ("followable_type", "followable_id");
CREATE INDEX "index_follows_on_follower_type_and_follower_id" ON "follows" ("follower_type", "follower_id");
CREATE INDEX "fk_follows" ON "follows" ("follower_id", "follower_type");
CREATE INDEX "fk_followables" ON "follows" ("followable_id", "followable_type");
CREATE INDEX "index_activities_on_trackable_type_and_trackable_id" ON "activities" ("trackable_type", "trackable_id");
CREATE INDEX "index_activities_on_owner_type_and_owner_id" ON "activities" ("owner_type", "owner_id");
CREATE INDEX "index_activities_on_recipient_type_and_recipient_id" ON "activities" ("recipient_type", "recipient_id");
CREATE INDEX "index_activities_on_trackable_id_and_trackable_type" ON "activities" ("trackable_id", "trackable_type");
CREATE INDEX "index_activities_on_owner_id_and_owner_type" ON "activities" ("owner_id", "owner_type");
CREATE INDEX "index_activities_on_recipient_id_and_recipient_type" ON "activities" ("recipient_id", "recipient_type");
CREATE INDEX "index_subscriptions_on_user_id" ON "subscriptions" ("user_id");
CREATE INDEX "index_subscriptions_on_chat_id" ON "subscriptions" ("chat_id");
CREATE INDEX "index_subscriptions_on_comchat_id" ON "subscriptions" ("comchat_id");
CREATE INDEX "index_messages_on_user_id" ON "messages" ("user_id");
CREATE INDEX "index_messages_on_chat_id" ON "messages" ("chat_id");
COMMIT;
